[
    {
        "id": 0,
        "ApplyNum": 0,
        "ArticleVote": 403,
        "Author": "",
        "AuthorId": null,
        "AuthorPicture": "http://img12.yiguoimg.com/d/albums/2019/190404/153403925804623492_640.jpg",
        "EfruitArticleId": "9a4ab6da-1a7d-44fb-b5f6-ac55fbc7d891",
        "EfruitArticleSummary": "",
        "EfruitArticleTitle": ">50%鱼糜含量的鱼滑，每一口都是海的味道！",
        "EndTime": "0001-01-01 00:00:00",
        "Hint": 20234,
        "InitApplyNum": 0,
        "InitLikeNum": 0,
        "InitReadNum": 0,
        "IsEnd": true,
        "LimitNum": 0,
        "MarketPrice": 0,
        "OtherCategoryCode": "live",
        "OtherCategoryId": "5b044b7b-696e-4baf-9127-fb77401624a8",
        "OtherCategoryName": "生活家",
        "PictureUrl": "http://img14.yiguoimg.com/d/albums/2019/190404/153403925804590724_900x383.jpg",
        "PubDate": "2019-04-04 00:00:00",
        "PublishedTimed": "2019年04月04日",
        "RowNum": 1,
        "StartTime": "2019-04-04 00:00:00",
        "TotalApplyNum": 0,
        "TotalLikeNum": 403,
        "TotalReadNum": 20234,
        "VideoLinkAdd": ""
    },
    {
        "id": 1,
        "ApplyNum": 0,
        "ArticleVote": 44,
        "Author": "",
        "AuthorId": null,
        "AuthorPicture": "http://img10.yiguoimg.com/d/albums/2019/190329/153403925744166525_640.jpg",
        "EfruitArticleId": "684b8de8-c725-4276-894e-3c49ea203a4c",
        "EfruitArticleSummary": "",
        "EfruitArticleTitle": "咕噜一口！仿佛掉进了牛奶缸！鲜！香！醇！",
        "EndTime": "0001-01-01 00:00:00",
        "Hint": 20376,
        "InitApplyNum": 0,
        "InitLikeNum": 0,
        "InitReadNum": 0,
        "IsEnd": true,
        "LimitNum": 0,
        "MarketPrice": 0,
        "OtherCategoryCode": "live",
        "OtherCategoryId": "5b044b7b-696e-4baf-9127-fb77401624a8",
        "OtherCategoryName": "生活家",
        "PictureUrl": "http://img10.yiguoimg.com/d/albums/2019/190329/153403925744756349_900x383.jpg",
        "PubDate": "2019-03-29 00:00:00",
        "PublishedTimed": "2019年03月29日",
        "RowNum": 2,
        "StartTime": "2019-03-29 00:00:00",
        "TotalApplyNum": 0,
        "TotalLikeNum": 44,
        "TotalReadNum": 20376,
        "VideoLinkAdd": ""
    },
    {
        "id": 2,
        "ApplyNum": 0,
        "ArticleVote": 407,
        "Author": null,
        "AuthorId": null,
        "AuthorPicture": "http://img10.yiguoimg.com/d/albums/2019/190321/153403925684495989_640.jpg",
        "EfruitArticleId": "5b838225-9303-4886-a84a-a66f963c1273",
        "EfruitArticleSummary": null,
        "EfruitArticleTitle": "这么鲜美的牛腱子，感觉舌尖去了趟新西兰！",
        "EndTime": "0001-01-01 00:00:00",
        "Hint": 20591,
        "InitApplyNum": 0,
        "InitLikeNum": 0,
        "InitReadNum": 0,
        "IsEnd": true,
        "LimitNum": 0,
        "MarketPrice": 0,
        "OtherCategoryCode": "live",
        "OtherCategoryId": "5b044b7b-696e-4baf-9127-fb77401624a8",
        "OtherCategoryName": "生活家",
        "PictureUrl": "http://img11.yiguoimg.com/d/albums/2019/190321/153403925685053045_900x383.jpg",
        "PubDate": "2019-03-21 00:00:00",
        "PublishedTimed": "2019年03月21日",
        "RowNum": 3,
        "StartTime": "2019-03-21 00:00:00",
        "TotalApplyNum": 0,
        "TotalLikeNum": 407,
        "TotalReadNum": 20591,
        "VideoLinkAdd": null
    },
    {
        "id": 3,
        "ApplyNum": 0,
        "ArticleVote": 405,
        "Author": "",
        "AuthorId": null,
        "AuthorPicture": "http://img14.yiguoimg.com/d/albums/2019/190314/153403925638030958_640.jpg",
        "EfruitArticleId": "1e742b9f-28f6-4696-b4b3-0da97acf4296",
        "EfruitArticleSummary": "",
        "EfruitArticleTitle": "喝牛奶长大的黄瓜，鲜！脆！爽！",
        "EndTime": "0001-01-01 00:00:00",
        "Hint": 20560,
        "InitApplyNum": 0,
        "InitLikeNum": 0,
        "InitReadNum": 0,
        "IsEnd": true,
        "LimitNum": 0,
        "MarketPrice": 0,
        "OtherCategoryCode": "food",
        "OtherCategoryId": "5b044b7b-696e-4baf-9127-fb77401624a1",
        "OtherCategoryName": "做美食",
        "PictureUrl": "http://img13.yiguoimg.com/d/albums/2019/190314/153403925637998190_900x383.jpg",
        "PubDate": "2019-03-13 00:00:00",
        "PublishedTimed": "2019年03月13日",
        "RowNum": 4,
        "StartTime": "2019-03-13 00:00:00",
        "TotalApplyNum": 0,
        "TotalLikeNum": 405,
        "TotalReadNum": 20560,
        "VideoLinkAdd": ""
    },
    {
        "id": 4,
        "ApplyNum": 0,
        "ArticleVote": 410,
        "Author": null,
        "AuthorId": null,
        "AuthorPicture": "http://img12.yiguoimg.com/d/albums/2019/190306/153403925585241702_640.jpg",
        "EfruitArticleId": "91c2d33c-2e7b-4c35-ac0e-6fbbaf3f8f0a",
        "EfruitArticleSummary": null,
        "EfruitArticleTitle": "初春没胃口？来盘卤牛肉试试，香到飙泪！",
        "EndTime": "0001-01-01 00:00:00",
        "Hint": 20922,
        "InitApplyNum": 0,
        "InitLikeNum": 0,
        "InitReadNum": 0,
        "IsEnd": true,
        "LimitNum": 0,
        "MarketPrice": 0,
        "OtherCategoryCode": "food",
        "OtherCategoryId": "5b044b7b-696e-4baf-9127-fb77401624a1",
        "OtherCategoryName": "做美食",
        "PictureUrl": "http://img09.yiguoimg.com/d/albums/2019/190306/153403925585208934_900x383.jpg",
        "PubDate": "2019-03-06 00:00:00",
        "PublishedTimed": "2019年03月06日",
        "RowNum": 5,
        "StartTime": "2019-03-06 00:00:00",
        "TotalApplyNum": 0,
        "TotalLikeNum": 410,
        "TotalReadNum": 20922,
        "VideoLinkAdd": null
    },
    {
        "id": 5,
        "ApplyNum": 0,
        "ArticleVote": 411,
        "Author": "易果君",
        "AuthorId": null,
        "AuthorPicture": "http://img11.yiguoimg.com/d/albums/2018/181224/153403924042851736_640.jpg",
        "EfruitArticleId": "b7392f4b-97cf-47f5-9812-e84f88bbc4c6",
        "EfruitArticleSummary": "",
        "EfruitArticleTitle": "偷尝了一颗这樱桃，竟然有了初恋般心动的感觉！",
        "EndTime": "0001-01-01 00:00:00",
        "Hint": 21276,
        "InitApplyNum": 0,
        "InitLikeNum": 0,
        "InitReadNum": 0,
        "IsEnd": true,
        "LimitNum": 0,
        "MarketPrice": 0,
        "OtherCategoryCode": "live",
        "OtherCategoryId": "5b044b7b-696e-4baf-9127-fb77401624a8",
        "OtherCategoryName": "生活家",
        "PictureUrl": "http://img09.yiguoimg.com/d/albums/2018/181224/153403924042818968_900x383.jpg",
        "PubDate": "2018-12-21 00:00:00",
        "PublishedTimed": "2018年12月21日",
        "RowNum": 11,
        "StartTime": "2018-12-21 00:00:00",
        "TotalApplyNum": 0,
        "TotalLikeNum": 411,
        "TotalReadNum": 21276,
        "VideoLinkAdd": ""
    },
    {
        "id": 6,
        "ApplyNum": 0,
        "ArticleVote": 413,
        "Author": "易果君",
        "AuthorId": null,
        "AuthorPicture": "http://img13.yiguoimg.com/d/albums/2018/181224/153403924042294680_640.jpg",
        "EfruitArticleId": "5418caf9-295e-48e1-ae97-d87179d385b0",
        "EfruitArticleSummary": ",",
        "EfruitArticleTitle": "为什么港片里的大佬，行动前总爱吃顿火锅？",
        "EndTime": "0001-01-01 00:00:00",
        "Hint": 20845,
        "InitApplyNum": 0,
        "InitLikeNum": 0,
        "InitReadNum": 0,
        "IsEnd": true,
        "LimitNum": 0,
        "MarketPrice": 0,
        "OtherCategoryCode": "food",
        "OtherCategoryId": "5b044b7b-696e-4baf-9127-fb77401624a1",
        "OtherCategoryName": "做美食",
        "PictureUrl": "http://img09.yiguoimg.com/d/albums/2018/181224/153403924042261912_900x383.jpg",
        "PubDate": "2018-12-19 00:00:00",
        "PublishedTimed": "2018年12月19日",
        "RowNum": 12,
        "StartTime": "2018-12-19 00:00:00",
        "TotalApplyNum": 0,
        "TotalLikeNum": 413,
        "TotalReadNum": 20845,
        "VideoLinkAdd": ""
    },
    {
        "id": 7,
        "ApplyNum": 0,
        "ArticleVote": 832,
        "Author": "易果君",
        "AuthorId": null,
        "AuthorPicture": "http://img11.yiguoimg.com/d/albums/2018/181213/153403923536881037_640.jpg",
        "EfruitArticleId": "48924854-1ecc-4529-ab20-fbf77167a948",
        "EfruitArticleSummary": "",
        "EfruitArticleTitle": "牛排怎么煎才能外焦里嫩？关键在这6步！",
        "EndTime": "0001-01-01 00:00:00",
        "Hint": 21480,
        "InitApplyNum": 0,
        "InitLikeNum": 0,
        "InitReadNum": 0,
        "IsEnd": true,
        "LimitNum": 0,
        "MarketPrice": 0,
        "OtherCategoryCode": "food",
        "OtherCategoryId": "5b044b7b-696e-4baf-9127-fb77401624a1",
        "OtherCategoryName": "做美食",
        "PictureUrl": "http://img14.yiguoimg.com/d/albums/2018/181213/153403923536913805_900x383.jpg",
        "PubDate": "2018-12-13 00:00:00",
        "PublishedTimed": "2018年12月13日",
        "RowNum": 13,
        "StartTime": "2018-12-13 00:00:00",
        "TotalApplyNum": 0,
        "TotalLikeNum": 832,
        "TotalReadNum": 21480,
        "VideoLinkAdd": ""
    },
    {
        "id": 8,
        "ApplyNum": 0,
        "ArticleVote": 1356,
        "Author": "",
        "AuthorId": null,
        "AuthorPicture": "http://img12.yiguoimg.com/d/albums/2018/181206/153403923196355974_640.jpg",
        "EfruitArticleId": "df59378b-f52d-4185-aa6d-1d7ffdce99cd",
        "EfruitArticleSummary": "",
        "EfruitArticleTitle": "肉夹馍也有隐藏菜单？这2种味道太赞了吧~",
        "EndTime": "0001-01-01 00:00:00",
        "Hint": 23980,
        "InitApplyNum": 0,
        "InitLikeNum": 0,
        "InitReadNum": 0,
        "IsEnd": true,
        "LimitNum": 0,
        "MarketPrice": 0,
        "OtherCategoryCode": "food",
        "OtherCategoryId": "5b044b7b-696e-4baf-9127-fb77401624a1",
        "OtherCategoryName": "做美食",
        "PictureUrl": "http://img13.yiguoimg.com/d/albums/2018/181206/153403923195405702_900x600.jpg",
        "PubDate": "2018-12-06 00:00:00",
        "PublishedTimed": "2018年12月06日",
        "RowNum": 14,
        "StartTime": "2018-12-06 00:00:00",
        "TotalApplyNum": 0,
        "TotalLikeNum": 1356,
        "TotalReadNum": 23980,
        "VideoLinkAdd": ""
    },
    {
        "id": 9,
        "ApplyNum": 0,
        "ArticleVote": 113,
        "Author": null,
        "AuthorId": null,
        "AuthorPicture": "",
        "EfruitArticleId": "de24187e-945a-4c18-9fb9-7dbe021591b1",
        "EfruitArticleSummary": null,
        "EfruitArticleTitle": "被网红美食毁掉的中国年轻人",
        "EndTime": "0001-01-01 00:00:00",
        "Hint": 52726,
        "InitApplyNum": 0,
        "InitLikeNum": 0,
        "InitReadNum": 0,
        "IsEnd": true,
        "LimitNum": 0,
        "MarketPrice": 0,
        "OtherCategoryCode": "know",
        "OtherCategoryId": "5b044b7b-696e-4baf-9127-fb77401624a4",
        "OtherCategoryName": "涨知识",
        "PictureUrl": "http://img14.yiguoimg.com/d/albums/2018/181019/153403920887358803_900x383.jpg",
        "PubDate": "2018-10-19 15:56:01",
        "PublishedTimed": "2018年10月19日",
        "RowNum": 15,
        "StartTime": "2018-10-19 15:56:00",
        "TotalApplyNum": 0,
        "TotalLikeNum": 113,
        "TotalReadNum": 52726,
        "VideoLinkAdd": null
    },
    {
        "id": 10,
        "ApplyNum": 0,
        "ArticleVote": 122,
        "Author": "",
        "AuthorId": null,
        "AuthorPicture": "",
        "EfruitArticleId": "36314fe1-5ed9-4591-bd3a-df41a7eba3d6",
        "EfruitArticleSummary": "",
        "EfruitArticleTitle": "上海人竟然COS了大半个世纪的西餐？",
        "EndTime": "0001-01-01 00:00:00",
        "Hint": 30950,
        "InitApplyNum": 0,
        "InitLikeNum": 0,
        "InitReadNum": 0,
        "IsEnd": true,
        "LimitNum": 0,
        "MarketPrice": 0,
        "OtherCategoryCode": "know",
        "OtherCategoryId": "5b044b7b-696e-4baf-9127-fb77401624a4",
        "OtherCategoryName": "涨知识",
        "PictureUrl": "http://img10.yiguoimg.com/d/albums/2018/180929/153403920047351101_900x500.jpg",
        "PubDate": "2018-09-29 09:57:43",
        "PublishedTimed": "2018年09月29日",
        "RowNum": 16,
        "StartTime": "2018-09-29 09:57:00",
        "TotalApplyNum": 0,
        "TotalLikeNum": 122,
        "TotalReadNum": 30950,
        "VideoLinkAdd": ""
    },
    {
        "id": 11,
        "ApplyNum": 0,
        "ArticleVote": 30,
        "Author": null,
        "AuthorId": null,
        "AuthorPicture": "",
        "EfruitArticleId": "b11258ef-0ed9-451c-b7e0-f5e7ad811eed",
        "EfruitArticleSummary": null,
        "Efrui,tArticleTitle": "手剥石榴终极大法",
        "EndT,ime": "0001-01-01 00:00:00",
        "Hint": 10027,
        "InitApplyNum": 0,
        "InitLikeNum": 0,
        "InitReadNum": 0,
        "IsEnd": true,
        "LimitNum": 0,
        "MarketPrice": 0,
        "OtherCategoryCode": "food",
        "OtherCategoryId": "5b044b7b-696e-4baf-9127-fb77401624a1",
        "OtherCategoryName": "做美食",
        "PictureUrl": "http://img11.yiguoimg.com/d/albums/2018/180920/153403919557240116_1000x666.jpg",
        "PubDate": "2018-09-14 00:00:00",
        "PublishedTimed": "2018年09月14日",
        "RowNum": 17,
        "StartTime": "2018-09-14 00:00:00",
        "TotalApplyNum": 0,
        "TotalLikeNum": 30,
        "TotalReadNum": 10027,
        "VideoLinkAdd": null
    },
    {
        "id": 12,
        "ApplyNum": 0,
        "ArticleVote": 21,
        "Author": "",
        "AuthorId": null,
        "AuthorPicture": "",
        "EfruitArticleId": "bcf6a3cb-6dde-467a-bca9-29ca21959553",
        "EfruitArticleSummary": "",
        "EfruitArticleTitle": "中秋月饼鄙视链，你在哪一链？",
        "EndTime": "0001-01-01 00:00:00",
        "Hint": 9670,
        "InitApplyNum": 0,
        "InitLikeNum": 0,
        "InitReadNum": 0,
        "IsEnd": true,
        "LimtNum": 0,
        "MarketPrice": 0,
        "OtherCategoryCode": "live",
        "OtherCategoryId": "5b044b7b-696e-4baf-9127-fb77401624a8",
        "OtherCategoryName": "生活家",
        "PictureUrl": "http://img09.yiguoimg.com/d/albums/2018/180919/153403919512544563_2515x1465.jpg",
        "PubDate": "2018-09-19 14:35:08",
        "PublishedTimed": "2018年09月19日",
        "RowNum": 18,
        "StartTime": "2018-09-19 14:35:00",
        "TotalAppl,yNum": 0,
        "TotalLikeNum": 21,
        "TotalReadNum": 9670,
        "VideoLinkAdd": ""
    },
    {
        "id": 13,
        "ApplyNum": 0,
        "ArticleVote": 19,
        "Author": null,
        "AuthorId": null,
        "AuthorPicture": "",
        "EfruitArticleId": "c76891dc-0f75-40df-a16c-ae113fcb1a75",
        "EfruitArticleSummary": null,
        "EfruitArticleTitle": "这样做牛肉，顿顿吃都不嫌厌！",
        "EndTime": "0001-01-01 00:00:00",
        "Hint": 1506,
        "InitApplyNum": 0,
        "InitLikeNum": 0,
        "InitReadNum": 0,
        "IsEnd": true,
        "LimitNum": 0,
        "MarketPrice": 0,
        "OtherCategoryCode": "food",
        "OtherCategoryId": "5b044b7b-696e-4baf-9127-fb77401624a1",
        "OtherCategoryName": "做美食",
        "PictureUrl": "http://img13.yiguoimg.com/d/albums/2018/180918/153403919453562162_900x500.jpg",
        "PubDate": "2018-09-18 15:44:58",
        "PublishedTimed": "2018年09月18日",
        "RowNum": 19,
        "StartTime": "2018-09-18 15:44:00",
        "TotalAppl,yNum": 0,
        "TotalLikeNum": 19,
        "TotalReadNum": 1506,
        "VideoLinkAdd": null
    },
    {
        "id": 14,
        "ApplyNum": 0,
        "ArticleVote": 41,
        "Author": null,
        "AuthorId": null,
        "AuthorPicture": "",
        "EfruitArticleId": "43de80d6-b0a9-4230-bdba-9977bf61050e",
        "EfruitArticleSummary": null,
        "EfruitArticleTitle": "这个柚子可以轻松手剥",
        "EndTime": "0001-01-01 00:00:00",
        "Hint": 19002,
        "InitApplyNum": 0,
        "InitLikeNum": 0,
        "InitReadNum": 0,
        "IsEnd": true,
        "LimitNum": 0,
        "MarketPrice": 0,
        "OtherCategoryCode": "food",
        "OtherCategoryId": "5b044b7b-696e-4baf-9127-fb77401624a1",
        "OtherCategoryName": "做美食",
        "PictureUrl": "http://img13.yiguoimg.com/d/albums/2018/181115/153403922181105007_1000x666.jpg",
        "PubDate": "2018-11-15 16:40:36",
        "PublishedTimed": "2018年11月15日",
        "RowNum": 20,
        "StartTime": "2018-11-15 16:40:00",
        "TotalApplyNum": 0,
        "TotalLikeNum": 41,
        "TotalReadNum": 19002,
        "VideoLinkAdd": null
    },
    {
        "id": 15,
        "ApplyNum": 0,
        "ArticleVote": 31,
        "Author": "",
        "AuthorId": null,
        "AuthorPicture": "",
        "EfruitArticleId": "a9e96fac-e402-462e-8491-456bfbeaacef",
        "EfruitArticleSummary": "",
        "EfruitArticleTitle": "日本人为啥爱吃生鸡蛋？真相会让你颤抖！",
        "EndTime": "0001-01-01 00:00:00",
        "Hint": 11520,
        "InitApplyNum": 0,
        "InitLikeNum": 0,
        "InitReadNum": 0,
        "IsEnd": true,
        "LimitNum": 0,
        "MarketPrice": 0,
        "OtherCategoryCode": "live",
        "OtherCategoryId": "5b044b7b-696e-4baf-9127-fb77401624a8",
        "OtherCategoryName": "生活家",
        "PictureUrl": "http://img09.yiguoimg.com/d/albums/2018/180906/153403918777918758_975x702.jpg",
        "PubDate": "2018-09-06 11:23:15",
        "PublishedTimed": "2018年09月06日",
        "RowNum": 21,
        "StartTime": "2018-09-06 11:23:00",
        "TotalApplyNum": 0,
        "TotalLikeNum": 31,
        "TotalReadNum": 11520,
        "VideoLinkAdd": ""
    },
    {
        "id": 16,
        "ApplyNum": 0,
        "ArticleVote": 28,
        "Author": null,
        "AuthorId": null,
        "AuthorPicture": "",
        "EfruitArticleId": "a7709dd8-1d45-4fec-b6da-74d2cd42f04e",
        "EfruitArticleSummary": null,
        "EfruitArticleTitle": "你一定不知道的南瓜吃法",
        "EndTime": "0001-01-01 00:00:00",
        "Hint": 9300,
        "InitApplyNum": 0,
        "InitLikeNum": 0,
        "InitReadNum": 0,
        "IsEnd": true,
        "LimitNum": 0,
        "MarketPrice": 0,
        "OtherCategoryCode": "food",
        "OtherCategoryId": "5b044b7b-696e-4baf-9127-fb77401624a1",
        "OtherCategoryName": "做美食",
        "PictureUrl": "http://img11.yiguoimg.com/d/albums/2018/181105/153403921650984293_1000x667.jpg",
        "PubDate": "2018-11-05 09:57:03",
        "PublishedTimed": "2018年11月05日",
        "RowNum": 22,
        "StartTime": "2018-11-05 09:57:00",
        "TotalAppl,yNum": 0,
        "TotalLikeNum": 28,
        "TotalReadNum": 9300,
        "VideoLinkAdd": null
    },
    {
        "id": 17,
        "ApplyNum": 0,
        "ArticleVote": 23,
        "Author": null,
        "AuthorId": null,
        "AuthorPicture": "",
        "EfruitArticleId": "541facbb-c7b2-46a2-8709-446e933d5808",
        "EfruitArticleSummary": null,
        "EfruitArticleTitle": "纯净深海6年长成的TA，到底有什么奥秘？",
        "EndTime": "0001-01-01 00:00:00",
        "Hint": 9241,
        "InitApplyNum": 0,
        "InitLikeNum": 0,
        "InitReadNum": 0,
        "IsEnd": true,
        "LimitNum": 0,
        "MarketPrice": 0,
        "OtherCategoryCode": "know",
        "OtherCategoryId": "5b044b7b-696e-4baf-9127-fb77401624a4",
        "OtherCategoryName": "涨知识",
        "PictureUrl": "http://img09.yiguoimg.com/d/albums/2018/181115/153403922180646255_900x383.jpg",
        "PubDate": "2018-11-15 16:38:44",
        "PublishedTimed": "2018年11月15日",
        "RowNum": 23,
        "StartTime": "2018-11-15 16:38:00",
        "TotalApplyNum": 0,
        "TotalLikeNum": 23,
        "TotalReadNum": 9241,
        "VideoLinkAdd": null
    },
    {
        "id": 18,
        "ApplyNum": 0,
        "ArticleVote": 24,
        "Author": "",
        "AuthorId": null,
        "AuthorPicture": "",
        "EfruitArticleId": "ea3a7c60-78c3-4b81-8f54-9724c43adc00",
        "EfruitArticleSummary": "",
        "EfruitArticleTitle": "今日立冬，应该吃什么？",
        "EndTime": "0001-01-01 00:00:00",
        "Hint": 10011,
        "InitApplyNum": 0,
        "InitLikeNum": 0,
        "InitReadNum": 0,
        "IsEnd": true,
        "LimitNum": 0,
        "MarketPrice": 0,
        "OtherCategoryCode": "food",
        "OtherCategoryId": "5b044b7b-696e-4baf-9127-fb77401624a1",
        "OtherCategoryName": "做美食",
        "PictureUrl": "http://img11.yiguoimg.com/d/albums/2018/181107/153403921758233959_900x383.jpg",
        "PubDate": "2018-11-07 14:03:11",
        "PublishedTimed": "2018年11月07日",
        "RowNum": 24,
        "StartTime": "2018-11-07 14:03:00",
        "TotalApplyNum": 0,
        "TotalLikeNum": 24,
        "TotalReadNum": 10011,
        "VideoLinkAdd": ""
    },
    {
        "id": 19,
        "ApplyNum": 0,
        "ArticleVote": 11,
        "Author": null,
        "AuthorId": null,
        "AuthorPicture": "",
        "EfruitArticleId": "649311ac-6b48-42d9-be44-472fcce0cb07",
        "EfruitArticleSummary": null,
        "EfruitArticleTitle": "不要再diss男人是大猪蹄子了？",
        "EndTime": "0001-01-01 00:00:00",
        "Hint": 10305,
        "InitApplyNum": 0,
        "InitLikeNum": 0,
        "InitReadNum": 0,
        "IsEnd": true,
        "LimitNum": 0,
        "MarketPrice": 0,
        "OtherCategoryCode": "food",
        "OtherCategoryId": "5b044b7b-696e-4baf-9127-fb77401624a1",
        "OtherCategoryName": "做美食",
        "PictureUrl": "http://img11.yiguoimg.com/d/albums/2018/180929/153403920049579325_1973x1320.jpg",
        "PubDate": "2018-09-13 00:00:00",
        "PublishedTimed": "2018年09月13日",
        "RowNum": 25,
        "StartTime": "2018-09-13 00:00:00",
        "TotalApplyNum": 0,
        "TotalLikeNum": 11,
        "TotalReadNum": 10305,
        "VideoLinkAdd": null
    },
    {
        "id": 20,
        "ApplyNum": 0,
        "ArticleVote": 27,
        "Author": "",
        "AuthorId": null,
        "AuthorPicture": "",
        "EfruitArticleId": "17f6a2f8-32ee-473d-b470-7a7c4ed1db18",
        "EfruitArticleSummary": "",
        "EfruitArticleTitle": "芋头、芋艿、香芋你分的清楚吗",
        "EndTime": "0001-01-01 00:00:00",
        "Hint": 12336,
        "InitApplyNum": 0,
        "InitLikeNum": 0,
        "InitReadNum": 0,
        "IsEnd": true,
        "LimitNum": 0,
        "MarketPrice": 0,
        "OtherCategoryCode": "food",
        "OtherCategoryId": "5b044b7b-696e-4baf-9127-fb77401624a1",
        "OtherCategoryName": "做美食",
        "PictureUrl": "http://img14.yiguoimg.com/d/albums/2018/181102/153403921539638626_1000x666.jpg",
        "PubDate": "2018-11-02 15:46:25",
        "PublishedTimed": "2018年11月02日",
        "RowNum": 26,
        "StartTime": "2018-11-02 15:46:00",
        "TotalApplyNum": 0,
        "TotalLikeNum": 27,
        "TotalReadNum": 12336,
        "VideoLinkAdd": ""
    },
    {
        "id": 21,
        "ApplyNum": 0,
        "ArticleVote": 26,
        "Author": "",
        "AuthorId": null,
        "AuthorPicture": "",
        "EfruitArticleId": "e708dbb5-b2c8-4d95-90b2-8c51c5204ec8",
        "EfruitArticleSummary": "",
        "EfruitArticleTitle": "一只猪的终极梦想竟然是...",
        "EndTime": "0001-01-01 00:00:00",
        "Hint": 11132,
        "InitApplyNum": 0,
        "InitLikeNum": 0,
        "InitReadNum": 0,
        "IsEnd": true,
        "LimitNum": 0,
        "MarketPrice": 0,
        "OtherCategoryCode": "live",
        "OtherCategoryId": "5b044b7b-696e-4baf-9127-fb77401624a8",
        "OtherCategoryName": "生活家",
        "PictureUrl": "http://img11.yiguoimg.com/d/albums/2018/181011/153403920546768203_900x383.jpg",
        "PubDate": "2018-10-11 17:32:44",
        "PublishedTimed": "2018年10月11日",
        "RowNum": 27,
        "StartTime": "2018-10-11 17:32:00",
        "TotalApplyNum": 0,
        "TotalLikeNum": 26,
        "TotalReadNum": 11132,
        "VideoLinkAdd": ""
    },
    {
        "id": 22,
        "ApplyNum": 0,
        "ArticleVote": 44,
        "Author": "",
        "AuthorId": null,
        "AuthorPicture": "",
        "EfruitArticleId": "d57542a9-6d32-4203-b5f1-208e68c524d7",
        "EfruitArticleSummary": "",
        "EfruitArticleTitle": "如何将红豆煮的又香又烂？8个小秘诀送给你！",
        "EndTime": "0001-01-01 00:00:00",
        "Hint": 16486,
        "InitApplyNum": 0,
        "InitLikeNum": 0,
        "InitReadNum": 0,
        "IsEnd": true,
        "LimitNum": 0,
        "MarketPrice": 0,
        "OtherCategoryCode": "live",
        "OtherCategoryId": "5b044b7b-696e-4baf-9127-fb77401624a8",
        "OtherCategoryName": "生活家",
        "PictureUrl": "http://img10.yiguoimg.com/d/albums/2018/180913/153403919228183853_1000x666.jpg",
        "PubDate": "2018-09-13 17:55:12",
        "PublishedTimed": "2018年09月13日",
        "RowNum": 28,
        "StartTime": "2018-09-13 17:55:00",
        "TotalApplyNum": 0,
        "TotalLikeNum": 44,
        "TotalReadNum": 16486,
        "VideoLinkAdd": ""
    },
    {
        "id": 23,
        "ApplyNum": 0,
        "ArticleVote": 35,
        "Author": "",
        "AuthorId": null,
        "AuthorPicture": "",
        "EfruitArticleId": "7dfabd5a-34e8-4363-a9fc-e808b5a17a96",
        "EfruitArticleSummary": "",
        "EfruitArticleTitle": "为什么日本人对松茸是如此的狂热？",
        "EndTime": "0001-01-01 00:00:00",
        "Hint": 2233,
        "InitApplyNum": 0,
        "InitLikeNum": 0,
        "InitReadNum": 0,
        "IsEnd": true,
        "LimitNum": 0,
        "MarketPrice": 0,
        "Other,CategoryCode": "know",
        "Othe,rCategoryId": "5b044b7b-696e-4baf-9127-fb77401624a4",
        "OtherCategoryName": "涨知识",
        "PictureUrl": "http://img14.yiguoimg.com/d/albums/2018/180724/153403914758857976_1000x556.jpg",
        "PubDate": "2018-08-10 13:33:56",
        "PublishedTimed": "2018年08月10日",
        "RowNum": 29,
        "StartTime": "2018-08-01 10:19:00",
        "TotalAppl,yNum": 0,
        "TotalLikeNum": 35,
        "TotalReadNum": 2233,
        "VideoLinkAdd": ""
    },
    {
        "id": 24,
        "ApplyNum": 0,
        "ArticleVote": 109,
        "Author": "易果君",
        "AuthorId": null,
        "AuthorPicture": "",
        "EfruitArticleId": "4616d5ee-9039-483f-a538-bf40faca5b50",
        "EfruitArticleSummary": "消失在中国餐桌18年，这个牛肉又回来了",
        "EfruitArticleTitle": "消失在中国餐桌18年，这个牛肉又回来了",
        "EndTime": "0001-01-01 00:00:00",
        "Hint": 21476,
        "InitAppl,yNum": 0,
        "InitLikeNum": 0,
        "InitReadNum": 0,
        "IsEnd": true,
        "LimitNum": 0,
        "MarketPrice": 0,
        "OtherCategoryCode": "food",
        "OtherCategoryId": "5b044b7,b-696e-4baf-9127-fb77401624a1",
        "OtherCategoryName": "做美食",
        "PictureUrl": "http://img12.yiguoimg.com/d/albums/2018/180731/153403915183400191_800.jpg",
        "PubDate": "2018-08-10 13:32:26",
        "PublishedTimed": "2018年08月10日",
        "RowNum": 30,
        "StartTime": "2018-08-01 10:26:00",
        "TotalApplyNum": 0,
        "TotalLikeNum": 109,
        "TotalReadNum": 21476,
        "VideoLinkAdd": ""
    },
    {
        "id": 25,
        "ApplyNum": 0,
        "ArticleVote": 5,
        "Author": "",
        "AuthorId": null,
        "AuthorPicture": "",
        "EfruitArticleId": "5c18c127-ee1a-4f8e-89a2-0d91b9557353",
        "EfruitArticleSummary": "",
        "EfruitArticleTitle": "这款网红月饼，颠覆了我20年的味觉体验",
        "EndTime": "0001-01-01 00:00:00",
        "Hint": 1015,
        "InitApplyNum": 0,
        "InitLikeNum": 0,
        "InitReadNum": 0,
        "IsEnd": true,
        "LimitNum": 0,
        "Market,Price": 0,
        "OtherCategoryCode": "live",
        "OtherCategoryId": "5b044b7b-696e-4baf-9127-fb77401624a8",
        "OtherCategoryName": "生活家",
        "PictureUrl": "http://img13.yiguoimg.com/d/albums/2018/180808/153403916076721416_900x500.jpg",
        "PubDate": "2018-08-10 13:31:51",
        "PublishedTimed": "2018年08月10日",
        "RowNum": 31,
        "StartTime": "2018-08-08 00:00:00",
        "TotalApplyNum": 0,
        "TotalLikeNum": 5,
        "TotalReadNum": 1015,
        "VideoLinkAdd": ""
    },
    {
        "id": 26,
        "ApplyNum": 0,
        "ArticleVote": 9,
        "Author": "",
        "AuthorId": null,
        "AuthorPicture": "",
        "EfruitArticleId": "831d30a6-2182-4e1d-8b73-06bc391bf0c5",
        "EfruitArticleSummary": "",
        "EfruitArticleTitle": "牛油果是如何成为优雅人士象征的？",
        "EndTime": "0001-01-01 00:00:00",
        "Hint": 2490,
        "InitApplyNum": 0,
        "InitLikeNum": 0,
        "InitReadNum": 0,
        "IsEnd": true,
        "LimitNum": 0,
        "Market Price": 0,
        "OtherCategoryCode": "know",
        "OtherCategoryId": "5b044b7b-696e-4baf-9127-fb77401624a4",
        "OtherCategoryName": "涨知识",
        "PictureUrl": "http://img14.yiguoimg.com/d/albums/2018/180831/153403918422025503_900x500.jpg",
        "PubDate": "2018-08-31 13:49:11",
        "PublishedTimed": "2018年08月31日",
        "RowNum": 32,
        "StartTime": "2018-08-31 13:49:00",
        "TotalApplyNum": 0,
        "TotalLikeNum": 9,
        "TotalReadNum": 2490,
        "VideoLinkAdd": ""
    },
    {
        "id": 27,
        "ApplyNum": 0,
        "ArticleVote": 2,
        "Author": "易果君",
        "AuthorId": null,
        "AuthorPicture": "http://img13.yiguoimg.com/d/albums/2018/180827/153685393157924123_1297x442.png",
        "EfruitArticleId": "1a95c9b0-4c8c-4983-b80f-bcdd96d20bc9",
        "EfruitArticleSummary": "大开眼界!火龙果竟然还可以这样吃?",
        "EfruitArticleTitle": "大开眼界!火龙果竟然还可以这样吃?",
        "EndTime": "0001-01-01 00:00:00",
        "Hint": 5565,
        "InitApplyNum": 0,
        "InitLikeNum": 0,
        "InitReadNum": 0,
        "IsEnd": true,
        "LimitNum": 0,
        "MarketPrice": 0,
        "OtherCategoryCode": "food",
        "OtherCategoryId": "5b044b7b-696e-4baf-9127-fb77401624a1",
        "OtherCategoryName": "做美食",
        "PictureUrl": "http://img13.yiguoimg.com/d/albums/2018/180827/153403918179706139_692x462.jpg",
        "PubDate": "2018-08-27 17:15:17",
        "PublishedTimed": "2018年08月27日",
        "RowNum": 33,
        "StartTime": "2018-08-27 17:15:00",
        "TotalAppl,yNum": 0,
        "TotalLikeNum": 2,
        "TotalReadNum": 5565,
        "VideoLinkAdd": ""
    },
    {
        "id": 28,
        "ApplyNum": 0,
        "ArticleVote": 25,
        "Author": "易果君",
        "AuthorId": null,
        "AuthorPicture": "",
        "EfruitArticleId": "e547cdeb-ff1d-4733-b694-264871cd3f2c",
        "EfruitArticleSummary": "",
        "EfruitArticleTitle": "车厘子和樱桃到底是什么关系？看完就全明白了",
        "EndTime": "0001-01-01 00:00:00",
        "Hint": 2649,
        "InitApplyNum": 0,
        "InitLikeNum": 0,
        "InitReadNum": 0,
        "IsEnd": true,
        "LimitNum": 0,
        "MarketPrice": 0,
        "OtherCategoryCode": "know",
        "OtherCategoryId": "5b044b7b-696e-4baf-9127-fb77401624a4",
        "OtherCategoryName": "涨知识",
        "PictureUrl": "http://img12.yiguoimg.com/d/albums/2018/180815/153403917367715087_900x500.jpg",
        "PubDate": "2018-08-15 16:49:38",
        "PublishedTimed": "2018年08月15日",
        "RowNum": 34,
        "StartTime": "2018-08-15 16:49:00",
        "TotalApplyNum": 0,
        "TotalLikeNum": 25,
        "TotalReadNum": 2649,
        "VideoLinkAdd": ""
    },
    {
        "id": 29,
        "ApplyNum": 0,
        "ArticleVote": 17,
        "Author": "",
        "AuthorId": null,
        "AuthorPicture": "",
        "EfruitArticleId": "305a9d81-6826-408d-9cff-7ad0daebe37d",
        "EfruitArticleSummary": "",
        "EfruitArticleTitle": "柠檬竟然这么有用，别怪我没提醒你",
        "EndTime": "0001-01-01 00:00:00",
        "Hint": 1762,
        "InitApplyNum": 0,
        "InitLikeNum": 0,
        "InitReadNum": 0,
        "IsEnd": true,
        "LimitNum": 0,
        "MarketPrice": 0,
        "OtherCategoryCode": "food",
        "OtherCategoryId": "5b044b7b-696e-4baf-9127-fb77401624a1",
        "OtherCategoryName": "做美食",
        "PictureUrl": "http://img09.yiguoimg.com/d/albums/2018/180810/153403916880127242_900x500.jpg",
        "PubDate": "2018-08-10 13:30:53",
        "PublishedTimed": "2018年08月10日",
        "RowNum": 35,
        "StartTime": "2018-08-10 00:00:00",
        "TotalApplyNum": 0,
        "TotalLikeNum": 17,
        "TotalReadNum": 1762,
        "VideoLinkAdd": ""
    },
    {
        "id": 30,
        "ApplyNum": 0,
        "ArticleVote": 13,
        "Author": "",
        "AuthorId": null,
        "AuthorPicture": "",
        "EfruitArticleId": "85b31581-d64e-4b7e-90a1-0bb9cd72c5df",
        "EfruitArticleSummary": "",
        "EfruitArticleTitle": "吃大闸蟹之前，你不能不知道的吃蟹秘密！",
        "EndTime": "0001-01-01 00:00:00",
        "Hint": 11397,
        "InitApplyNum": 0,
        "InitLikeNum": 0,
        "InitReadNum": 0,
        "IsEnd": true,
        "LimitNum": 0,
        "MarketPrice": 0,
        "OtherCategoryCode": "know",
        "OtherCategoryId": "5b044b7b-696e-4baf-9127-fb77401624a4",
        "OtherCategoryName": "涨知识",
        "PictureUrl": "http://img14.yiguoimg.com/d/albums/2018/180912/153403919138596140_1000x666.jpg",
        "PubDate": "2018-09-12 14:55:24",
        "PublishedTimed": "2018年09月12日",
        "RowNum": 36,
        "StartTime": "2018-09-12 14:55:00",
        "TotalApplyNum": 0,
        "TotalLikeNum": 13,
        "TotalReadNum": 11397,
        "VideoLinkAdd": ""
    },
    {
        "id": 31,
        "ApplyNum": 0,
        "ArticleVote": 13,
        "Author": null,
        "AuthorId": null,
        "AuthorPicture": "",
        "EfruitArticleId": "e08e502d-c9aa-47a1-8637-13db2201dcf6",
        "EfruitArticleSummary": null,
        "EfruitArticleTitle": "今日霜降，吃些温润食物以候冬天",
        "EndTime": "0001-01-01 00:00:00",
        "Hint": 6323,
        "InitApplyNum": 0,
        "InitLikeNum": 0,
        "InitReadNum": 0,
        "IsEnd": true,
        "LimitNum": 0,
        "MarketPrice": 0,
        "OtherCategoryCode": "live",
        "OtherCategoryId": "5b044b7b-696e-4baf-9127-fb77401624a8",
        "OtherCategoryName": "生活家",
        "PictureUrl": "http://img14.yiguoimg.com/d/albums/2018/181023/153403921024296279_900x500.jpg",
        "PubDate": "2018-10-23 10:38:45",
        "PublishedTimed": "2018年10月23日",
        "RowNum": 37,
        "StartTime": "2018-10-23 10:38:00",
        "TotalAppl,yNum": 0,
        "TotalLikeNum": 13,
        "TotalReadNum": 6323,
        "VideoLinkAdd": null
    },
    {
        "id": 32,
        "ApplyNum": 0,
        "ArticleVote": 16,
        "Author": "",
        "AuthorId": null,
        "AuthorPicture": "",
        "EfruitArticleId": "971899e8-5dd9-4cfc-b134-6c828a595719",
        "EfruitArticleSummary": "",
        "EfruitArticleTitle": "秋天，这样煮汤才营养",
        "EndTime": "0001-01-01 00:00:00",
        "Hint": 10536,
        "InitApplyNum": 0,
        "InitLikeNum": 0,
        "InitReadNum": 0,
        "IsEnd": true,
        "LimitNum": 0,
        "MarketPrice": 0,
        "OtherCategoryCode": "food",
        "OtherCategoryId": "5b044b7b-696e-4baf-9127-fb77401624a1",
        "OtherCategoryName": "做美食",
        "PictureUrl": "http://img09.yiguoimg.com/d/albums/2018/181009/153403920426640713_1000x666.jpg",
        "PubDate": "2018-10-09 15:54:36",
        "PublishedTimed": "2018年10月09日",
        "RowNum": 38,
        "StartTime": "2018-10-09 15:54:00",
        "TotalApplyNum": 0,
        "TotalLikeNum": 16,
        "TotalReadNum": 10536,
        "VideoLinkAdd": ""
    },
    {
        "id": 33,
        "ApplyNum": 0,
        "ArticleVote": 22,
        "Author": "",
        "AuthorId": null,
        "AuthorPicture": "",
        "EfruitArticleId": "41fabb4f-d4ef-4b92-8e5a-7624bd06d4b3",
        "EfruitArticleSummary": "",
        "EfruitArticleTitle": "葡萄和提子有啥区别？揭秘葡萄的几大真相",
        "EndTime": "0001-01-01 00:00:00",
        "Hint": 10276,
        "InitApplyNum": 0,
        "InitLikeNum": 0,
        "InitReadNum": 0,
        "IsEnd": true,
        "LimitNum": 0,
        "MarketPrice": 0,
        "OtherCategoryCode": "know",
        "OtherCategoryId": "5b044b7b-696e-4baf-9127-fb77401624a4",
        "OtherCategoryName": "涨知识",
        "PictureUrl": "http://img13.yiguoimg.com/d/albums/2018/180910/153403919013553450_2000x1104.jpg",
        "PubDate": "2018-09-10 11:00:08",
        "PublishedTimed": "2018年09月10日",
        "RowNum": 39,
        "StartTime": "2018-09-10 11:00:00",
        "TotalApplyNum": 0,
        "TotalLikeNum": 22,
        "TotalReadNum": 10276,
        "VideoLinkAdd": ""
    },
    {
        "id": 34,
        "ApplyNum": 0,
        "ArticleVote": 212,
        "Author": "",
        "AuthorId": null,
        "AuthorPicture": "",
        "EfruitArticleId": "e04e621e-7d5a-4247-b1af-f2a4bca6da74",
        "EfruitArticleSummary": "",
        "EfruitArticleTitle": "记忆中上海的夏天，一定有TA的味道",
        "EndTime": "0001-01-01 00:00:00",
        "Hint": 20472,
        "InitApplyNum": 0,
        "InitLikeNum": 0,
        "InitReadNum": 0,
        "IsEnd": true,
        "LimitNum": 0,
        "MarketPrice": 0,
        "OtherCategoryCode": "know",
        "OtherCategoryId": "5b044b7b-696e-4baf-9127-fb77401624a4",
        "OtherCategoryName": "涨知识",
        "PictureUrl": "http://img10.yiguoimg.com/d/albums/2018/180801/153403915206894849_2096x1597.jpg",
        "PubDate": "2018-08-10 13:32:04",
        "PublishedTimed": "2018年08月10日",
        "RowNum": 40,
        "StartTime": "2018-08-01 00:00:00",
        "TotalApplyNum": 0,
        "TotalLikeNum": 212,
        "TotalReadNum": 20472,
        "VideoLinkAdd": ""
    }
]