[
    {
        "CommodityCode": "1386597",
        "CommodityId": "1",
        "CommodityName": "SunMoon泰国金枕头冷冻榴莲果肉300g",
        "CommodityPrice": 0,
        "CommodityTag": 0,
        "CouponTags": [],
        "MaxLimitCount": 2,
        "OriginalPrice": 49.9,
        "PromotionTag": "第2份9.9元",
        "PromotionType": 0,
        "SellPrice": 49.9,
        "ShowOriginalPrice": false,
        "SmallPic": "https://img14.yiguoimg.com/d/items/2018/180807/9288727914489095_300.jpg",
        "Spec": "300g/盒",
        "SubTitle": "就像现剥的榴莲肉一样绵糯香甜",
        "origin": "甘肃兰州"
    },
    {
        "CommodityCode": "106252",
        "CommodityId": "2",
        "CommodityName": "原膳南美白虾仁（中）250g",
        "CommodityPrice": 0,
        "CommodityTag": 0,
        "CouponTags": [],
        "MaxLimitCount": 2,
        "OriginalPrice": 32.9,
        "PromotionTag": "第2件19.9元",
        "PromotionType": 0,
        "SellPrice": 32.9,
        "ShowOriginalPrice": false,
        "SmallPic": "https://img14.yiguoimg.com/d/items/2017/171130/9288715872871294_300.jpg",
        "Spec": "0.25kg/袋",
        "SubTitle": "饱满弹嫩，营养低脂",
        "origin": "南美洲"
    },
    {
        "CommodityCode": "108362",
        "CommodityId": "3",
        "CommodityName": "意大利进口Dolomia多洛米亚天然饮用水经典款1.5L",
        "CommodityPrice": 0,
        "CommodityTag": 0,
        "CouponTags": [],
        "MaxLimitCount": 2,
        "OriginalPrice": 25,
        "PromotionTag": null,
        "PromotionType": 0,
        "SellPrice": 25,
        "ShowOriginalPrice": false,
        "SmallPic": "https://img11.yiguoimg.com/d/items/2018/180423/9288722024637591_300.jpg",
        "Spec": "1.5L/瓶",
        "SubTitle": "健康饮水新时代",
        "origin": "意大利"
    },
    {
        "CommodityCode": "1103749",
        "CommodityId": "4",
        "CommodityName": "原膳澳洲精选S级牛腩块500g",
        "CommodityPrice": 0,
        "CommodityTag": 0,
        "CouponTags": [],
        "MaxLimitCount": 2,
        "OriginalPrice": 42.9,
        "PromotionTag": "第2件9.9元",
        "PromotionType": 0,
        "SellPrice": 42.9,
        "ShowOriginalPrice": false,
        "SmallPic": "https://img09.yiguoimg.com/d/items/2018/180929/9288731968185661_300.jpg",
        "Spec": "500g/包",
        "SubTitle": "天然牧草草饲 肥瘦比约3:7",
        "origin": "澳洲"
    },
    {
        "CommodityCode": "425799",
        "CommodityId": "5",
        "CommodityName": "养乐多活菌型乳酸菌乳饮品100ml*5",
        "CommodityPrice": 0,
        "CommodityTag": 0,
        "CouponTags": [],
        "MaxLimitCount": 2,
        "OriginalPrice": 12.9,
        "PromotionTag": "尖货推荐",
        "PromotionType": 0,
        "SellPrice": 12.9,
        "ShowOriginalPrice": false,
        "SmallPic": "https://img14.yiguoimg.com/d/items/2019/190107/9288736492529191_300.jpg",
        "Spec": "100ml*5/份",
        "SubTitle": "该商品不与其他优惠券、现金券及抵用卡同享",
        "origin": "北京"
    },
    {
        "CommodityCode": "158039",
        "CommodityId": "6",
        "CommodityName": "避风塘鲜肉糯米烧卖240g",
        "CommodityPrice": 0,
        "CommodityTag": 0,
        "CouponTags": [],
        "MaxLimitCount": 2,
        "OriginalPrice": 15.9,
        "PromotionTag": null,
        "PromotionType": 0,
        "SellPrice": 15.9,
        "ShowOriginalPrice": false,
        "SmallPic": "https://img11.yiguoimg.com/d/items/2018/180807/9288727891027207_300.jpg",
        "Spec": "240g/袋",
        "SubTitle": "软糯米饭爱上咸香鲜肉",
        "origin": "河北"
    },
    {
        "CommodityCode": "1002055",
        "CommodityId": "7",
        "CommodityName": "越南冷冻巴沙鱼片280g",
        "CommodityPrice": 0,
        "CommodityTag": 0,
        "CouponTags": [],
        "MaxLimitCount": 2,
        "OriginalPrice": 16.8,
        "PromotionTag": "2件29.9元",
        "PromotionType": 0,
        "SellPrice": 16.8,
        "ShowOriginalPrice": false,
        "SmallPic": "https://img11.yiguoimg.com/d/items/2017/171109/9288714859127657_300.jpg",
        "Spec": "280g/袋",
        "SubTitle": "无骨无刺，嫩滑不老",
        "origin": "越南"
    },
    {
        "CommodityCode": "1275071",
        "CommodityId": "8",
        "CommodityName": "Zespri佳沛新西兰阳光金奇异果3.3kg原箱(22-25个)",
        "CommodityPrice": 0,
        "CommodityTag": 0,
        "CouponTags": [],
        "MaxLimitCount": 2,
        "OriginalPrice": 298,
        "PromotionTag": "直降60元",
        "PromotionType": 0,
        "SellPrice": 238,
        "ShowOriginalPrice": true,
        "SmallPic": "https://img10.yiguoimg.com/d/items/2018/181206/9288735117256070_300.jpg",
        "Spec": "3.3kg/箱",
        "SubTitle": "巨无霸金果 软糯香甜",
        "origin": "新西兰"
    },
    {
        "CommodityCode": "1000300",
        "CommodityId": "9",
        "CommodityName": "越南黑虎虾(16-20只)400g",
        "CommodityPrice": 0,
        "CommodityTag": 0,
        "CouponTags": [],
        "MaxLimitCount": 2,
        "OriginalPrice": 55.9,
        "PromotionTag": "第2件半价",
        "PromotionType": 0,
        "SellPrice": 55.9,
        "ShowOriginalPrice": false,
        "SmallPic": "https://img12.yiguoimg.com/e/items/2017/170606/9288708705592006_300.jpg",
        "Spec": "400g/包",
        "SubTitle": "硕大霸气，弹嫩细滑",
        "origin": "越南"
    },
    {
        "CommodityCode": "196073",
        "CommodityId": "10",
        "CommodityName": "美威欧式原味三文鱼排（2片装）250g",
        "CommodityPrice": 0,
        "CommodityTag": 0,
        "CouponTags": [],
        "MaxLimitCount": 2,
        "OriginalPrice": 62.9,
        "PromotionTag": "第2件19.9元",
        "PromotionType": 0,
        "SellPrice": 62.9,
        "ShowOriginalPrice": false,
        "SmallPic": "https://img09.yiguoimg.com/d/items/2018/180613/9288724483253453_300.jpg",
        "Spec": "250g/包",
        "SubTitle": "去骨去刺，丰腴鲜香，适煎烤",
        "origin": "青岛"
    }
]